{
  "project_info": {
    "project_number": "177024362875",
    "firebase_url": "https://parkingtrakingsystemandroid.firebaseio.com",
    "project_id": "parkingtrakingsystemandroid",
    "storage_bucket": "parkingtrakingsystemandroid.appspot.com"
  },
  "client": [
    {
      "client_info": {
        "mobilesdk_app_id": "1:177024362875:android:a0f55fa94420ee67",
        "android_client_info": {
          "package_name": "com.example.caio.finalproject"
        }
      },
      "oauth_client": [
        {
          "client_id": "177024362875-g34hm5p7ttq425tc177dmhr9rrbhbv0l.apps.googleusercontent.com",
          "client_type": 1,
          "android_info": {
            "package_name": "com.example.caio.finalproject",
            "certificate_hash": "f2c2cb9b993f474aa82f96dcfb6cbc9c1048c6ab"
          }
        },
        {
          "client_id": "177024362875-47c182nbkasvaifgd8lto0p4eeqjaepu.apps.googleusercontent.com",
          "client_type": 3
        }
      ],
      "api_key": [
        {
          "current_key": "AIzaSyD24tZCZFQYxdr6HvF9_CNonjBkuOEmBY0"
        }
      ],
      "services": {
        "analytics_service": {
          "status": 1
        },
        "appinvite_service": {
          "status": 2,
          "other_platform_oauth_client": [
            {
              "client_id": "177024362875-47c182nbkasvaifgd8lto0p4eeqjaepu.apps.googleusercontent.com",
              "client_type": 3
            }
          ]
        },
        "ads_service": {
          "status": 2
        }
      }
    },
    {
      "client_info": {
        "mobilesdk_app_id": "1:177024362875:android:2699bbe1ab074fb5",
        "android_client_info": {
          "package_name": "com.mad.android.parkingtracker"
        }
      },
      "oauth_client": [
        {
          "client_id": "177024362875-f9gi75o57kvagunvsdmd6jobn6ofsams.apps.googleusercontent.com",
          "client_type": 1,
          "android_info": {
            "package_name": "com.mad.android.parkingtracker",
            "certificate_hash": "7ef360c11e91ddee080ebaec3f4bb866484674bb"
          }
        },
        {
          "client_id": "177024362875-47c182nbkasvaifgd8lto0p4eeqjaepu.apps.googleusercontent.com",
          "client_type": 3
        }
      ],
      "api_key": [
        {
          "current_key": "AIzaSyD24tZCZFQYxdr6HvF9_CNonjBkuOEmBY0"
        }
      ],
      "services": {
        "analytics_service": {
          "status": 1
        },
        "appinvite_service": {
          "status": 2,
          "other_platform_oauth_client": [
            {
              "client_id": "177024362875-47c182nbkasvaifgd8lto0p4eeqjaepu.apps.googleusercontent.com",
              "client_type": 3
            }
          ]
        },
        "ads_service": {
          "status": 2
        }
      }
    }
  ],
  "configuration_version": "1"
}